url,status,source_id
https://audio.iskcondesiretree.com/index.php?f=%2F01_-_Srila_Prabhupada%2F01_-_Lectures%2F01_-_English%2F01_-_Topic_wise&q=f,catalogued,PSC-0045-audio-iskcondesiretree-com-index-php
https://audio.iskcondesiretree.com/index.php?f=%2F01_-_Srila_Prabhupada%2F02_-_Bhajans%2FVol-01%2F05_-_Prabhupada_Bhajans&q=f,catalogued,PSC-0046-audio-iskcondesiretree-com-index-php
https://audio.iskcondesiretree.com/index.php?f=%2F01_-_Srila_Prabhupada&q=f,catalogued,PSC-0044-audio-iskcondesiretree-com-index-php
https://bbt.org/,catalogued,PSC-0079-www-bbti-org
https://bbt.org/books,catalogued,PSC-0018-bbt-org-books
https://bbt.org/languages,catalogued,PSC-0020-bbt-org-languages
https://bbt.org/online-publications,catalogued,PSC-0019-bbt-org-online-publications
https://bbtmedia.com/,catalogued,PSC-0021-bbtmedia-com
https://ebooks.iskcondesiretree.com/,catalogued,PSC-0047-ebooks-iskcondesiretree-com
https://ebooks.iskcondesiretree.com/index.php?f=%2Fpdf%2FGaudiya_Books+&q=f,catalogued,PSC-0049-ebooks-iskcondesiretree-com-index-php
https://ebooks.iskcondesiretree.com/index.php?f=%2Fpdf&q=f,catalogued,PSC-0048-ebooks-iskcondesiretree-com-index-php
https://gitapress.org/,catalogued,PSC-0075-gitapress-org
https://gitapress.org/buybooks,catalogued,PSC-0077-gitapress-org-buybooks
https://gitapress.org/ebook,catalogued,PSC-0076-gitapress-org-ebook
https://gitapress.org/ebook?srsltid=AfmBOooLplTSZKY1WxEmayhC2D4KHsq1ZBmgpwpT-v1oEQakHCavH_5a,catalogued,PSC-0078-gitapress-org-ebook
https://harikatha.com/,catalogued,PSC-0072-harikatha-com
https://harikatha.com/about/,catalogued,PSC-0074-harikatha-com-about
https://harikatha.com/audios/,catalogued,PSC-0073-harikatha-com-audios
https://iskconcongregation.com/programs/bhakti-vriksha/,catalogued,PSC-0063-iskconcongregation-com-programs-bhakti-vriksha
https://iskconcongregation.com/wp-content/uploads/2018/11/Bhakti-Vriksha-Training-Module-Book-1_1.pdf,catalogued,PSC-0064-iskconcongregation-com-wp-content-uploads-2018-1
https://iskconcongregation.com/wp-content/uploads/2018/11/Bhakti-Vriksha-Training-Module-Book-2_1.pdf,catalogued,PSC-0065-iskconcongregation-com-wp-content-uploads-2018-1
https://iskconeducation.org/,catalogued,PSC-0052-iskconeducation-org
https://iskconeducation.org/article/starting-a-sunday-school/,catalogued,PSC-0058-iskconeducation-org-article-starting-a-sunday-sc
https://iskconeducation.org/books-for-kids/,catalogued,PSC-0055-iskconeducation-org-books-for-kids
https://iskconeducation.org/materials/,catalogued,PSC-0054-iskconeducation-org-materials
https://iskconeducation.org/media_library/,catalogued,PSC-0053-iskconeducation-org-media-library
https://iskconeducation.org/media_library_old/01.CD20Index20Damodar.pdf,catalogued,PSC-0060-iskconeducation-org-media-library-old-01-cd20ind
https://iskconeducation.org/media_library_old/01.CD20Index20Madhava.pdf,catalogued,PSC-0059-iskconeducation-org-media-library-old-01-cd20ind
https://iskconeducation.org/media_library_old/Devotional20Practices20-20Part20120-20TG.pdf,catalogued,PSC-0061-iskconeducation-org-media-library-old-devotional
https://iskconeducation.org/media_library_old/Devotional20Practices20-20Part20120-20WB.pdf,catalogued,PSC-0062-iskconeducation-org-media-library-old-devotional
https://iskconeducation.org/philosophy-of-education/,catalogued,PSC-0056-iskconeducation-org-philosophy-of-education
https://iskconeducation.org/video/,catalogued,PSC-0057-iskconeducation-org-video
https://krishna.com/,catalogued,PSC-0022-krishna-com
https://krishna.com/audio/audiobooks/bhagavad-gita-audiobook/,catalogued,PSC-0024-krishna-com-audio-audiobooks-bhagavad-gita-audio
https://krishna.com/the-bhagavad-gita-info/bhagavad-gita-online-versions/,catalogued,PSC-0023-krishna-com-the-bhagavad-gita-info-bhagavad-gita
https://prabhupada.com/,catalogued,PSC-0009-www-prabhupada-com
https://prabhupadabooks.com/,catalogued,PSC-0050-prabhupadabooks-com
https://prabhupadabooks.com/bg,catalogued,PSC-0051-prabhupadabooks-com-bg
https://prabhupadavani.org/,catalogued,PSC-0028-prabhupadavani-org
https://prabhupadavani.org/audio/,catalogued,PSC-0029-prabhupadavani-org-audio
https://prabhupadavani.org/blog/prabhupada-radio/,catalogued,PSC-0034-prabhupadavani-org-blog-prabhupada-radio
https://prabhupadavani.org/transcriptions/,catalogued,PSC-0030-prabhupadavani-org-transcriptions
https://prabhupadavani.org/transcriptions/?audio=Has+audio,catalogued,PSC-0033-prabhupadavani-org-transcriptions
https://prabhupadavani.org/transcriptions/?type=Conversation,catalogued,PSC-0031-prabhupadavani-org-transcriptions
https://prabhupadavani.org/transcriptions/?type=Lectures+and+Addresses,catalogued,PSC-0032-prabhupadavani-org-transcriptions
https://vanipedia.org/wiki/Main_Page,catalogued,PSC-0039-vanipedia-org-wiki-main-page
https://vaniquotes.org/wiki/Main_Page,catalogued,PSC-0038-vaniquotes-org-wiki-main-page
https://vanisource.org/wiki/Category:Books_-_Vanisource,catalogued,PSC-0037-vanisource-org-wiki-category-books-vanisource
https://vanisource.org/wiki/Category:Letters_from_Srila_Prabhupada_-_by_person,catalogued,PSC-0036-vanisource-org-wiki-category-letters-from-srila-
https://vanisource.org/wiki/Main_Page,catalogued,PSC-0035-vanisource-org-wiki-main-page
https://vedabase.io/,catalogued,PSC-0001-vedabase-io
https://vedabase.io/en/library/,catalogued,PSC-0002-vedabase-io-en-library
https://vedabase.io/en/library/bg/,catalogued,PSC-0005-vedabase-io-en-library-bg
https://vedabase.io/en/library/cc/,catalogued,PSC-0007-vedabase-io-en-library-cc
https://vedabase.io/en/library/letters/,catalogued,PSC-0004-vedabase-io-en-library-letters
https://vedabase.io/en/library/sb/,catalogued,PSC-0006-vedabase-io-en-library-sb
https://vedabase.io/en/library/transcripts/,catalogued,PSC-0003-vedabase-io-en-library-transcripts
https://vedabase.io/es/library/,catalogued,PSC-0008-vedabase-io-es-library
https://www.asitis.com/,catalogued,PSC-0025-www-asitis-com
https://www.asitis.com/1,catalogued,PSC-0026-www-asitis-com-1
https://www.asitis.com/gallery/,catalogued,PSC-0027-www-asitis-com-gallery
https://www.iskconmumbai.com/about/about-iskcon,catalogued,PSC-0066-www-iskconmumbai-com-about-about-iskcon
https://www.prabhupada.com/About/AAbout.html,catalogued,PSC-0010-www-prabhupada-com-about-aabout-html
https://www.prabhupada.com/Collections/Audio2.html,catalogued,PSC-0012-www-prabhupada-com-collections-audio2-html
https://www.prabhupada.com/Collections/Collections.html,catalogued,PSC-0011-www-prabhupada-com-collections-collections-html
https://www.prabhupada.com/Collections/Documents.html,catalogued,PSC-0013-www-prabhupada-com-collections-documents-html
https://www.prabhupada.com/Collections/Images.html,catalogued,PSC-0014-www-prabhupada-com-collections-images-html
https://www.prabhupada.com/Collections/Publications.html,catalogued,PSC-0015-www-prabhupada-com-collections-publications-html
https://www.prabhupada.com/Vedabase/VedaBase.html,catalogued,PSC-0016-www-prabhupada-com-vedabase-vedabase-html
https://www.purebhakti.com/,catalogued,PSC-0067-www-purebhakti-com
https://www.purebhakti.com/resources/ebooks-magazines/bhakti-books/english,catalogued,PSC-0069-www-purebhakti-com-resources-ebooks-magazines-bh
https://www.purebhakti.com/resources/ebooks-magazines/bhakti-books/english/21-jaiva-dharma,catalogued,PSC-0071-www-purebhakti-com-resources-ebooks-magazines-bh
https://www.purebhakti.com/resources/ebooks-magazines/books-for-e-readers,catalogued,PSC-0068-www-purebhakti-com-resources-ebooks-magazines-bo
https://www.purebhakti.com/resources/ebooks-magazines/books-for-e-readers/1376-jaiva-dharma,catalogued,PSC-0070-www-purebhakti-com-resources-ebooks-magazines-bo
https://www.youtube.com/channel/UC9-R06c2SwpjrvDdVZOQG8Q,catalogued,PSC-0043-www-youtube-com-channel-uc9-r06c2swpjrvddvzoqg8q
https://www.youtube.com/channel/UCBN88f0nRlRMg1CnffvinXw,catalogued,PSC-0040-www-youtube-com-channel-ucbn88f0nrlrmg1cnffvinxw
https://www.youtube.com/channel/UCZ8S3qwowiFztAQBRTawWfA,catalogued,PSC-0042-www-youtube-com-channel-ucz8s3qwowifztaqbrtawwfa
https://www.youtube.com/channel/UCrCoUc77FtaHOJJKmeUnsOQ,catalogued,PSC-0041-www-youtube-com-channel-ucrcouc77ftahojjkmeunsoq
